Player ,Status,Years,WAR,ERA,WHIP,WAR vs HOF,ERA vs HOF,WHIP vs HOF
Cy Young ,H,22,165.7,2.627,1.1296,1.475,0.112,0.055
Walter Johnson ,H,21,151.9,2.167,1.0612,1.269,0.268,0.112
Roger Clemens ,I,24,138.7,3.125,1.1725,1.072,-0.056,0.019
Kid Nichols ,H,15,116.7,2.955,1.2237,0.743,0.001,-0.024
Pete Alexander ,H,20,116,2.56,1.1212,0.733,0.135,0.062
Lefty Grove ,H,17,113.3,3.058,1.278,0.693,-0.033,-0.069
Tom Seaver ,H,20,106,2.862,1.1208,0.583,0.033,0.062
Greg Maddux ,H,23,104.8,3.156,1.1431,0.566,-0.067,0.043
Randy Johnson ,H,22,103.5,3.293,1.1711,0.546,-0.113,0.02
Christy Mathewson ,H,17,99.8,2.133,1.0581,0.491,0.279,0.115
Phil Niekro ,H,24,97,3.351,1.2681,0.449,-0.132,-0.061
Bert Blyleven ,H,22,96.1,3.314,1.198,0.436,-0.12,-0.003
Gaylord Perry ,H,22,93,3.105,1.1807,0.389,-0.049,0.012
Warren Spahn ,H,21,92.5,3.086,1.1946,0.382,-0.043,0
Tim Keefe ,H,14,89.1,2.627,1.123,0.331,0.112,0.06
Eddie Plank ,H,17,87.7,2.35,1.1189,0.31,0.206,0.064
Pedro Martinez ,H,18,86.1,2.925,1.0544,0.286,0.011,0.118
John Clarkson ,H,12,84.9,2.811,1.2093,0.268,0.05,-0.012
Steve Carlton ,H,24,84.1,3.215,1.2467,0.256,-0.087,-0.043
Nolan Ryan ,H,27,83.6,3.193,1.2473,0.249,-0.079,-0.044
Pud Galvin ,H,15,83.3,2.853,1.191,0.244,0.036,0.003
Robin Roberts ,H,19,83,3.405,1.1696,0.24,-0.151,0.021
Mike Mussina ,H,18,82.8,3.683,1.1915,0.237,-0.245,0.003
Fergie Jenkins ,H,19,82.2,3.338,1.1418,0.228,-0.128,0.045
Bob Gibson ,H,17,81.7,2.915,1.1881,0.22,0.015,0.006
Curt Schilling ,I,20,80.5,3.458,1.1374,0.203,-0.169,0.048
Jim McCormick ,I,10,76,2.431,1.1322,0.135,0.178,0.053
Tom Glavine ,H,22,73.9,3.536,1.3137,0.104,-0.195,-0.099
Old Hoss Radbourn ,H,12,73.2,2.678,1.1492,0.093,0.095,0.038
Justin Verlander ,A,16,72.3,3.328,1.1342,0.08,-0.125,0.051
Carl Hubbell ,H,16,68.9,2.978,1.1659,0.029,-0.006,0.024
Don Sutton ,H,23,68.3,3.261,1.1425,0.02,-0.102,0.044
Kevin Brown ,I,19,68.2,3.275,1.2222,0.019,-0.107,-0.023
Rick Reuschel ,I,19,68.1,3.373,1.2747,0.017,-0.14,-0.067
Red Faber ,H,20,67.7,3.149,1.3015,0.011,-0.064,-0.089
Jim Palmer ,H,19,67.6,2.856,1.1803,0.01,0.035,0.012
Vic Willis ,H,13,67.5,2.628,1.2095,0.008,0.112,-0.012
Zack Greinke ,A,17,67.3,3.34,1.1557,0.005,-0.129,0.033
Ted Lyons ,H,21,66.8,3.668,1.3482,-0.002,-0.24,-0.128
John Smoltz ,H,21,66.4,3.327,1.1759,-0.008,-0.124,0.016
Stan Coveleski ,H,14,66.4,2.891,1.2515,-0.008,0.023,-0.047
Clayton Kershaw ,A,13,65.9,2.439,1.0054,-0.016,0.176,0.159
Luis Tiant ,I,19,65.6,3.304,1.1987,-0.02,-0.117,-0.003
Roy Halladay ,H,16,65.4,3.385,1.1777,-0.023,-0.144,0.014
Bob Feller ,H,18,65.2,3.255,1.3157,-0.026,-0.1,-0.101
Amos Rusie ,H,10,65.2,3.068,1.3486,-0.026,-0.037,-0.129
Ed Walsh ,H,14,63.7,1.816,0.9996,-0.048,0.386,0.164
Mickey Welch ,H,13,63.1,2.712,1.2255,-0.057,0.083,-0.026
Dazzy Vance ,H,16,62.9,3.24,1.23,-0.06,-0.095,-0.029
Bobby Mathews ,I,15,62.3,2.857,1.2375,-0.069,0.034,-0.036
Dennis Eckersley ,H,24,62.2,3.501,1.1608,-0.071,-0.183,0.029
Tommy John ,I,26,62.1,3.342,1.2827,-0.072,-0.129,-0.073
CC Sabathia ,I,19,62,3.736,1.2588,-0.074,-0.263,-0.053
Juan Marichal ,H,16,61.8,2.89,1.1012,-0.077,0.023,0.078
David Cone ,I,17,61.6,3.462,1.2561,-0.08,-0.17,-0.051
Don Drysdale ,H,14,61.3,2.948,1.1477,-0.084,0.004,0.04
Joe McGinnity ,H,10,61.3,2.657,1.1879,-0.084,0.102,0.006
Tony Mullane ,I,13,61.1,3.053,1.2365,-0.087,-0.032,-0.035
Tommy Bond ,I,10,61,2.138,1.0908,-0.089,0.277,0.087
Rube Waddell ,H,13,60.8,2.161,1.1019,-0.092,0.27,0.078
Charlie Buffinton ,I,11,60.7,2.961,1.2338,-0.093,-0.001,-0.032
Andy Pettitte ,I,18,60.7,3.849,1.3507,-0.093,-0.301,-0.13
Jim Bunning ,H,17,60.4,3.269,1.1789,-0.098,-0.105,0.013
Hal Newhouser ,H,17,60,3.055,1.3107,-0.104,-0.032,-0.097
Mark Buehrle ,I,16,60,3.813,1.281,-0.104,-0.289,-0.072
Jack Quinn ,I,23,59.7,3.29,1.3004,-0.108,-0.112,-0.088
Max Scherzer ,A,13,59.3,3.21,1.0964,-0.114,-0.085,0.083
Clark Griffith ,H,21,59.3,3.312,1.3126,-0.114,-0.119,-0.098
Bret Saberhagen ,I,16,58.9,3.343,1.1406,-0.12,-0.13,0.046
Cole Hamels ,A,14,58.5,3.42,1.1827,-0.126,-0.156,0.01
Chuck Finley ,I,17,58.3,3.845,1.3765,-0.129,-0.299,-0.152
Eddie Cicotte ,I,14,57.5,2.38,1.1544,-0.141,0.196,0.034
Eppa Rixey ,H,21,57.4,3.148,1.2715,-0.143,-0.064,-0.064
Mordecai Brown ,H,14,57.2,2.057,1.0658,-0.146,0.305,0.108
Frank Tanana ,I,21,57.1,3.662,1.2697,-0.147,-0.238,-0.063
Jerry Koosman ,I,19,57,3.359,1.2588,-0.149,-0.135,-0.053
Tim Hudson ,I,17,56.5,3.492,1.239,-0.156,-0.18,-0.037
Dave Stieb ,I,16,56.5,3.438,1.2455,-0.156,-0.162,-0.042
Mariano Rivera ,H,19,56.3,2.209,1.0003,-0.159,0.253,0.163
Red Ruffing ,H,22,55.4,3.798,1.3409,-0.172,-0.284,-0.122
Kevin Appier ,I,16,54.9,3.738,1.2939,-0.18,-0.263,-0.083
Jack Powell ,I,16,54.8,2.973,1.2167,-0.181,-0.005,-0.018
Urban Shocker ,I,13,54.8,3.172,1.2552,-0.181,-0.072,-0.05
Waite Hoyt ,H,21,54.2,3.588,1.3396,-0.19,-0.213,-0.121
Al Spalding ,H,8,53.6,2.133,1.1932,-0.199,0.279,0.002
Whitey Ford ,H,16,53.6,2.745,1.215,-0.199,0.072,-0.017
David Wells ,I,21,53.6,4.13,1.2661,-0.199,-0.396,-0.059
Billy Pierce ,I,18,53.3,3.269,1.2602,-0.204,-0.105,-0.055
Sandy Koufax ,H,12,53.1,2.761,1.1061,-0.207,0.067,0.074
Larry Jackson ,I,14,52.6,3.401,1.2352,-0.214,-0.149,-0.034
Wilbur Wood ,I,17,52.2,3.236,1.2317,-0.22,-0.094,-0.031
Dutch Leonard ,I,20,51.7,3.25,1.2556,-0.228,-0.098,-0.051
Tommy Bridges ,I,16,51.6,3.573,1.3682,-0.229,-0.208,-0.145
Early Wynn ,H,23,51.5,3.542,1.3291,-0.231,-0.197,-0.112
Orel Hershiser ,I,18,51.4,3.482,1.2606,-0.232,-0.177,-0.055
Johan Santana ,I,12,51.1,3.203,1.132,-0.237,-0.082,0.053
Felix Hernandez ,A,15,50.3,3.419,1.206,-0.249,-0.155,-0.009
Eddie Rommel ,I,13,50.3,3.541,1.3504,-0.249,-0.197,-0.13
Silver King ,I,10,50.1,3.18,1.278,-0.252,-0.075,-0.069
Babe Adams ,I,19,50,2.755,1.092,-0.253,0.069,0.086
Mark Langston ,I,16,50,3.967,1.3542,-0.253,-0.341,-0.133
Roy Oswalt ,I,13,49.9,3.359,1.211,-0.255,-0.135,-0.013
Hoyt Wilhelm ,H,21,49.7,2.523,1.1245,-0.258,0.147,0.059
Dennis Martinez ,I,23,49.3,3.697,1.2656,-0.264,-0.249,-0.059
Wilbur Cooper ,I,15,49,2.894,1.2264,-0.268,0.022,-0.026
Jimmy Key ,I,15,49,3.507,1.2293,-0.268,-0.185,-0.029
Mel Harder ,I,20,48.5,3.801,1.4079,-0.275,-0.285,-0.178
Dwight Gooden ,I,16,48.2,3.506,1.2561,-0.28,-0.185,-0.051
Mickey Lolich ,I,16,47.9,3.438,1.2272,-0.284,-0.162,-0.027
Bartolo Colon ,A,21,47.8,4.118,1.3118,-0.286,-0.392,-0.098
Ron Guidry ,I,14,47.8,3.288,1.1835,-0.286,-0.111,0.01
Addie Joss ,H,9,47.7,1.887,0.9678,-0.287,0.362,0.19
Jim Whitney ,I,10,47.5,2.971,1.1466,-0.29,-0.004,0.041
Nap Rucker ,I,10,47.1,2.421,1.1746,-0.296,0.182,0.017
Frank Viola ,I,15,47.1,3.728,1.3013,-0.296,-0.26,-0.089
Burleigh Grimes ,H,19,46.8,3.527,1.3653,-0.301,-0.192,-0.143
Hippo Vaughn ,I,13,46.8,2.486,1.2007,-0.301,0.16,-0.005
Bob Friend ,I,16,46.8,3.584,1.2922,-0.301,-0.211,-0.081
Bucky Walters ,I,19,46.4,3.302,1.3241,-0.307,-0.116,-0.108
Milt Pappas ,I,17,46.2,3.398,1.2254,-0.31,-0.148,-0.025
Bob Shawkey ,I,15,46.2,3.089,1.2734,-0.31,-0.044,-0.066
Noodles Hahn ,I,8,45.7,2.546,1.1319,-0.317,0.14,0.053
Chris Sale ,A,10,45.4,3.026,1.0346,-0.322,-0.023,0.134
Jon Lester ,A,15,45.3,3.576,1.263,-0.323,-0.209,-0.057
Jim Kaat ,I,25,45.2,3.453,1.2588,-0.325,-0.167,-0.053
Dizzy Trout ,I,15,45.2,3.233,1.3527,-0.325,-0.093,-0.132
Steve Rogers ,I,13,45.1,3.175,1.2316,-0.326,-0.073,-0.031
George Uhle ,I,17,45.1,3.993,1.405,-0.326,-0.349,-0.176
Larry French ,I,14,45,3.444,1.3306,-0.328,-0.164,-0.113
Herb Pennock ,H,22,44.9,3.598,1.3484,-0.329,-0.216,-0.128
Vida Blue ,I,17,44.9,3.265,1.2335,-0.329,-0.103,-0.032
Bob Caruthers ,I,10,44.8,2.835,1.1578,-0.331,0.042,0.031
Dizzy Dean ,H,12,43.9,3.024,1.2057,-0.344,-0.022,-0.009
Al Orth ,I,15,43.9,3.37,1.2594,-0.344,-0.139,-0.054
Dolf Luque ,I,20,43.8,3.245,1.2884,-0.346,-0.097,-0.078
Jack Morris ,H,18,43.6,3.9,1.2963,-0.349,-0.318,-0.085
Carl Mays ,I,15,43.6,2.916,1.2068,-0.349,0.015,-0.01
Sadie McMahon ,I,9,43.6,3.506,1.3937,-0.349,-0.185,-0.166
Bill Donovan ,I,18,43.4,2.69,1.2447,-0.352,0.091,-0.042
Bob Welch ,I,17,43.4,3.467,1.2704,-0.352,-0.172,-0.063
Claude Passeau ,I,13,43.4,3.319,1.3178,-0.352,-0.122,-0.103
Lefty Gomez ,H,14,43.2,3.344,1.3524,-0.355,-0.13,-0.132
Sam McDowell ,I,15,43.1,3.174,1.308,-0.356,-0.073,-0.095
Chief Bender ,H,16,43,2.455,1.1127,-0.358,0.17,0.069
Murry Dickson ,I,18,43,3.656,1.339,-0.358,-0.236,-0.121
Jack Chesbro ,H,11,42.7,2.684,1.152,-0.362,0.093,0.036
Curt Simmons ,I,20,42.6,3.543,1.3069,-0.364,-0.197,-0.094
Cliff Lee ,I,13,42.5,3.518,1.1963,-0.365,-0.189,-0.001
Al Leiter ,I,19,42.5,3.802,1.3864,-0.365,-0.285,-0.16
Ed Morris ,I,7,42.4,2.816,1.1075,-0.367,0.048,0.073
Doc White ,I,13,42.3,2.391,1.1207,-0.368,0.192,0.062
Tom Candiotti ,I,16,42.3,3.732,1.3009,-0.368,-0.261,-0.089
Virgil Trucks ,I,17,42.3,3.385,1.3063,-0.368,-0.144,-0.093
Lon Warneke ,I,15,42.1,3.183,1.2454,-0.371,-0.076,-0.042
Rich Gossage ,H,22,41.6,3.009,1.2319,-0.379,-0.017,-0.031
Sam Leever ,I,13,41.3,2.473,1.1411,-0.383,0.164,0.045
Harry Brecheen ,I,12,41.3,2.916,1.1884,-0.383,0.015,0.006
Bill Hutchison ,I,9,41.2,3.589,1.3821,-0.385,-0.213,-0.157
Mel Stottlemyre ,I,11,40.7,2.969,1.2189,-0.392,-0.003,-0.02
Jesse Tannehill ,I,15,40.6,2.799,1.1858,-0.394,0.054,0.008
Danny Darwin ,I,21,40.3,3.837,1.268,-0.398,-0.297,-0.061
Jack Stivetts ,I,11,40.3,3.737,1.406,-0.398,-0.263,-0.177
Bill Dinneen ,I,12,40.2,3.012,1.2314,-0.399,-0.018,-0.03
John Candelaria ,I,19,39.9,3.332,1.1842,-0.404,-0.126,0.009
Sad Sam Jones ,I,22,39.9,3.838,1.4113,-0.404,-0.297,-0.181
David Price ,A,12,39.7,3.308,1.1529,-0.407,-0.118,0.035
Howard Ehmke ,I,15,39.7,3.746,1.388,-0.407,-0.266,-0.162
Will White ,I,10,39.5,2.276,1.111,-0.41,0.231,0.07
Nig Cuppy ,I,10,39.2,3.485,1.3706,-0.414,-0.178,-0.147
Paul Derringer ,I,15,39,3.459,1.282,-0.417,-0.169,-0.073
Charlie Hough ,I,25,39,3.746,1.3016,-0.417,-0.266,-0.089
Jon Matlack ,I,13,38.9,3.18,1.2332,-0.419,-0.075,-0.032
Ned Garver ,I,14,38.7,3.731,1.3531,-0.422,-0.261,-0.132
Jim Perry ,I,17,38.4,3.446,1.2555,-0.426,-0.165,-0.051
Ed Reulbach ,I,13,38.3,2.284,1.1431,-0.428,0.228,0.043
Jeff Pfeffer ,I,13,38.3,2.774,1.2096,-0.428,0.063,-0.012
Carlos Zambrano ,I,12,38.3,3.662,1.3308,-0.428,-0.238,-0.114
Candy Cummings ,H,6,38.2,2.424,1.2276,-0.429,0.181,-0.027
John Lackey ,I,15,38.1,3.92,1.2946,-0.431,-0.325,-0.083
Curt Davis ,I,13,37.9,3.422,1.2637,-0.434,-0.156,-0.057
Bob Lemon ,H,15,37.6,3.234,1.3368,-0.438,-0.093,-0.119
Andy Messersmith ,I,12,37.6,2.861,1.1433,-0.438,0.033,0.043
Camilo Pascual ,I,18,37.5,3.633,1.2871,-0.44,-0.228,-0.077
Charlie Root ,I,17,37.5,3.586,1.2951,-0.44,-0.212,-0.084
Fernando Valenzuela ,I,17,37.4,3.545,1.3205,-0.441,-0.198,-0.105
Mark Gubicza ,I,14,37.4,3.959,1.3606,-0.441,-0.338,-0.139
Dutch Leonard ,I,11,37.3,2.759,1.2254,-0.443,0.068,-0.025
Jake Peavy ,I,15,37.2,3.635,1.1956,-0.444,-0.228,-0.001
Claude Osteen ,I,18,36.8,3.298,1.2746,-0.45,-0.115,-0.067
Hooks Dauss ,I,15,36.8,3.305,1.3195,-0.45,-0.117,-0.104
Adam Wainwright ,A,15,36.5,3.382,1.2271,-0.455,-0.143,-0.027
Bob Rush ,I,13,36.5,3.648,1.2926,-0.455,-0.233,-0.082
Burt Hooton ,I,15,36.4,3.38,1.2428,-0.456,-0.142,-0.04
Catfish Hunter ,H,15,36.3,3.256,1.1341,-0.458,-0.1,0.051
Jesse Haines ,H,19,35.7,3.641,1.3498,-0.467,-0.23,-0.13
Josh Beckett ,I,14,35.3,3.879,1.2316,-0.473,-0.311,-0.031
Chris Carpenter ,I,15,35.2,3.759,1.2761,-0.474,-0.27,-0.068
Slim Sallee ,I,14,35.1,2.564,1.1702,-0.476,0.133,0.021
Jose Rijo ,I,14,35,3.236,1.2622,-0.477,-0.094,-0.056
Thornton Lee ,I,16,35,3.555,1.3576,-0.477,-0.201,-0.136
Tom Gordon ,I,21,35,3.958,1.3596,-0.477,-0.338,-0.138
Jacob deGrom ,A,7,34.9,2.597,1.046,-0.479,0.122,0.125
Deacon Phillippe ,I,13,34.9,2.586,1.1051,-0.479,0.126,0.075
Jered Weaver ,I,12,34.9,3.626,1.1914,-0.479,-0.225,0.003
Dean Chance ,I,11,34.9,2.921,1.2122,-0.479,0.013,-0.014
Rube Marquard ,H,18,34.8,3.076,1.2372,-0.48,-0.04,-0.035
George Mullin ,I,14,34.8,2.822,1.2901,-0.48,0.046,-0.08
Doyle Alexander ,I,19,34.8,3.757,1.2929,-0.48,-0.27,-0.082
Preacher Roe ,I,12,34.6,3.432,1.2594,-0.483,-0.16,-0.054
Bruce Hurst ,I,15,34.5,3.917,1.325,-0.485,-0.324,-0.109
Freddy Garcia ,I,15,34.4,4.154,1.3034,-0.486,-0.404,-0.091
Larry Dierker ,I,14,34.3,3.305,1.2174,-0.488,-0.117,-0.019
Schoolboy Rowe ,I,15,34.3,3.873,1.3022,-0.488,-0.309,-0.09
Johnny Cueto ,A,13,34.2,3.383,1.1918,-0.489,-0.143,0.003
Sal Maglie ,I,10,34.2,3.15,1.2496,-0.489,-0.065,-0.046
John Tudor ,I,12,34.1,3.12,1.1976,-0.491,-0.054,-0.002
Jim Maloney ,I,12,34.1,3.188,1.2591,-0.491,-0.077,-0.054
Ken Raffensberger ,I,15,34,3.597,1.2576,-0.492,-0.216,-0.052
Charlie Leibrandt ,I,14,34,3.712,1.3198,-0.492,-0.254,-0.104
Howie Pollet ,I,14,33.8,3.506,1.3481,-0.495,-0.185,-0.128
Freddie Fitzsimmons ,I,19,33.6,3.509,1.297,-0.498,-0.186,-0.085
Derek Lowe ,I,17,33.1,4.026,1.33,-0.506,-0.361,-0.113
Barry Zito ,I,15,33.1,4.041,1.337,-0.506,-0.366,-0.119
Brandon Webb ,I,7,33,3.267,1.2389,-0.507,-0.104,-0.037
Dan Haren ,I,13,32.9,3.753,1.1807,-0.509,-0.268,0.012
Jerry Reuss ,I,22,32.9,3.637,1.3246,-0.509,-0.229,-0.108
Russ Ford ,I,7,32.7,2.59,1.1537,-0.512,0.125,0.035
Red Lucas ,I,16,32.7,3.721,1.2553,-0.512,-0.258,-0.05
Bill Lee ,I,14,32.5,3.542,1.3429,-0.515,-0.197,-0.124
Harry Howell ,I,13,32.4,2.738,1.212,-0.516,0.075,-0.014
Corey Kluber ,A,10,32.3,3.157,1.0859,-0.517,-0.067,0.091
Stephen Strasburg ,A,11,32.1,3.192,1.0882,-0.52,-0.079,0.089
Bobby Shantz ,I,16,32.1,3.376,1.2595,-0.52,-0.141,-0.054
Mort Cooper ,I,11,31.9,2.968,1.2153,-0.523,-0.003,-0.017
Rick Wise ,I,18,31.9,3.687,1.289,-0.523,-0.246,-0.079
Jason Schmidt ,I,14,31.7,3.958,1.3214,-0.526,-0.338,-0.106
Bullet Joe Bush ,I,17,31.7,3.509,1.3785,-0.526,-0.186,-0.154
Jack Taylor ,I,10,31.6,2.653,1.1759,-0.528,0.103,0.016
Madison Bumgarner ,A,12,31.5,3.188,1.1147,-0.529,-0.077,0.067
Firpo Marberry ,I,14,31.5,3.631,1.323,-0.529,-0.227,-0.107
Sid Fernandez ,I,15,31.4,3.356,1.1443,-0.531,-0.134,0.042
Chris Short ,I,15,31.4,3.43,1.2994,-0.531,-0.159,-0.087
Mike Boddicker ,I,14,31.4,3.801,1.3199,-0.531,-0.285,-0.105
Johnny Antonelli ,I,12,31.2,3.338,1.2834,-0.534,-0.128,-0.074
Andy Benes ,I,14,31.2,3.973,1.3116,-0.534,-0.343,-0.098
Rick Sutcliffe ,I,18,31.2,4.08,1.3875,-0.534,-0.379,-0.161
George Zettlein ,I,6,31.1,2.547,1.2969,-0.535,0.139,-0.085
John Denny ,I,13,31.1,3.585,1.3362,-0.535,-0.212,-0.118
John Hiller ,I,15,31,2.833,1.2681,-0.537,0.043,-0.061
Earl Moore ,I,14,31,2.775,1.2903,-0.537,0.062,-0.08
Ray Caldwell ,I,12,30.9,3.219,1.2609,-0.538,-0.088,-0.055
Ellis Kinder ,I,12,30.9,3.431,1.3246,-0.538,-0.16,-0.108
Lee Meadows ,I,15,30.9,3.374,1.3402,-0.538,-0.14,-0.122
Jim Barr ,I,12,30.8,3.556,1.2778,-0.54,-0.202,-0.069
James Shields ,I,13,30.7,4.015,1.2718,-0.541,-0.357,-0.064
Mike Garcia ,I,14,30.7,3.265,1.3184,-0.541,-0.103,-0.103
Kevin Millwood ,I,16,30.7,4.112,1.3281,-0.541,-0.39,-0.111
Van Mungo ,I,14,30.7,3.471,1.337,-0.541,-0.173,-0.119
Red Donahue ,I,13,30.5,3.614,1.3707,-0.544,-0.221,-0.147
Max Lanier ,I,14,30.4,3.007,1.2974,-0.546,-0.016,-0.086
Ice Box Chamberlain ,I,10,30.4,3.565,1.3923,-0.546,-0.205,-0.165
Teddy Higuera ,I,9,30.3,3.613,1.2355,-0.547,-0.221,-0.034
Jim Devlin ,I,5,30.2,1.896,1.0868,-0.549,0.359,0.091
Greg Swindell ,I,17,30.2,3.857,1.26,-0.549,-0.303,-0.054
Gio Gonzalez ,A,13,30.1,3.701,1.3219,-0.55,-0.251,-0.106
Rick Rhoden ,I,16,30.1,3.595,1.3136,-0.55,-0.215,-0.099
Bill Hands ,I,11,30,3.354,1.2235,-0.552,-0.133,-0.024
Harvey Haddix ,I,14,29.9,3.628,1.2327,-0.553,-0.226,-0.032
Smoky Joe Wood ,I,14,29.6,2.033,1.0869,-0.558,0.313,0.09
A.J. Burnett ,I,17,29.6,3.987,1.325,-0.558,-0.347,-0.109
Adonis Terry ,I,14,29.6,3.739,1.3724,-0.558,-0.264,-0.148
Dick McBride ,I,6,29.5,2.706,1.2459,-0.559,0.086,-0.043
Syl Johnson ,I,19,29.5,4.06,1.2827,-0.559,-0.372,-0.073
Scott Sanderson ,I,19,29.4,3.84,1.255,-0.561,-0.298,-0.05
Jim Bagby ,I,9,29.4,3.113,1.2856,-0.561,-0.052,-0.076
Anibal Sanchez ,A,15,29.3,4.012,1.3086,-0.562,-0.356,-0.095
Lee Smith ,H,18,29.3,3.029,1.2557,-0.562,-0.024,-0.051
Sonny Siebert ,I,12,29.3,3.208,1.2133,-0.562,-0.084,-0.015
Matt Cain ,I,13,29.3,3.681,1.2279,-0.562,-0.244,-0.028
Frank Lary ,I,12,29.3,3.488,1.2667,-0.562,-0.179,-0.06
Bill Doak ,I,16,29.3,2.976,1.2675,-0.562,-0.006,-0.061
Mike Cuellar ,I,15,29.2,3.138,1.1966,-0.564,-0.06,-0.001
Ted Lilly ,I,15,29.2,4.144,1.2549,-0.564,-0.4,-0.05
Don Newcombe ,I,10,29.1,3.559,1.203,-0.565,-0.203,-0.007
Red Ames ,I,17,29.1,2.629,1.2289,-0.565,0.112,-0.028
Bob Ewing ,I,11,29,2.492,1.1782,-0.567,0.158,0.014
Lindy McDaniel ,I,21,29,3.454,1.2724,-0.567,-0.167,-0.065
General Crowder ,I,11,29,4.115,1.3876,-0.567,-0.391,-0.161
George Mogridge ,I,15,28.9,3.226,1.2875,-0.568,-0.09,-0.077
Joe Niekro ,I,22,28.7,3.593,1.3191,-0.571,-0.214,-0.104
Billy Rhines ,I,9,28.6,3.479,1.3416,-0.573,-0.176,-0.123
Fred Toney ,I,12,28.5,2.689,1.1877,-0.574,0.091,0.006
Eddie Lopat ,I,12,28.2,3.206,1.2766,-0.579,-0.083,-0.068
Johnny Podres ,I,15,28.2,3.675,1.3166,-0.579,-0.242,-0.102
John Ward ,H,17,28.1,2.099,1.0435,-0.58,0.291,0.127
Trevor Hoffman ,H,18,28.1,2.867,1.0584,-0.58,0.031,0.114
Bob Buhl ,I,15,28,3.545,1.3726,-0.582,-0.198,-0.149
Johnny Allen ,I,13,27.9,3.752,1.3264,-0.583,-0.268,-0.11
Hooks Wiltse ,I,12,27.8,2.471,1.1315,-0.585,0.165,0.053
Turk Farrell ,I,14,27.8,3.448,1.2296,-0.585,-0.165,-0.029
Jack McDowell ,I,12,27.8,3.854,1.3023,-0.585,-0.302,-0.09
Guy Hecker ,I,9,27.7,2.927,1.1676,-0.586,0.011,0.023
Jim Scott ,I,9,27.7,2.298,1.1802,-0.586,0.223,0.012
Alex Fernandez ,I,10,27.7,3.737,1.2753,-0.586,-0.263,-0.067
Jarrod Washburn ,I,12,27.7,4.095,1.3007,-0.586,-0.384,-0.088
Joe Dobson ,I,14,27.7,3.625,1.3359,-0.586,-0.225,-0.118
Bill Sherdel ,I,15,27.7,3.72,1.3579,-0.586,-0.257,-0.136
Doug Drabek ,I,13,27.6,3.735,1.2434,-0.588,-0.262,-0.041
Woody Williams ,I,15,27.6,4.187,1.3211,-0.588,-0.415,-0.106
Don Wilson ,I,9,27.5,3.145,1.212,-0.589,-0.063,-0.014
Ed Brandt ,I,11,27.5,3.865,1.3755,-0.589,-0.306,-0.151
Larry Corcoran ,I,8,27.4,2.355,1.1048,-0.591,0.204,0.075
Mel Parnell ,I,10,27.4,3.502,1.411,-0.591,-0.184,-0.181
Stu Miller ,I,16,27.3,3.242,1.2531,-0.592,-0.096,-0.049
Ewell Blackwell ,I,10,27.2,3.298,1.296,-0.594,-0.115,-0.085
Ken Forsch ,I,16,27,3.368,1.249,-0.597,-0.138,-0.045
Ken Holtzman ,I,15,27,3.487,1.2894,-0.597,-0.178,-0.079
Hal Schumacher ,I,13,27,3.357,1.3399,-0.597,-0.135,-0.121
Mario Soto ,I,12,26.8,3.469,1.1859,-0.6,-0.172,0.008
Kerry Wood ,I,14,26.8,3.672,1.2674,-0.6,-0.241,-0.061
Joe Nuxhall ,I,16,26.8,3.901,1.3402,-0.6,-0.318,-0.122
Johnny Vander Meer ,I,13,26.8,3.442,1.3926,-0.6,-0.163,-0.165
Watty Clark ,I,12,26.7,3.662,1.3048,-0.601,-0.238,-0.092
Tim Belcher ,I,14,26.7,4.163,1.344,-0.601,-0.407,-0.125
Ervin Santana ,I,15,26.6,4.092,1.272,-0.603,-0.383,-0.064
Ray Kremer ,I,10,26.6,3.757,1.3255,-0.603,-0.27,-0.109
Floyd Bannister ,I,15,26.4,4.063,1.3258,-0.606,-0.373,-0.109
Tex Hughson ,I,8,26.1,2.944,1.1936,-0.61,0.005,0.001
Ben Sheets ,I,10,26.1,3.777,1.2188,-0.61,-0.276,-0.02
Kent Tekulve ,I,16,26.1,2.85,1.2501,-0.61,0.037,-0.046
Dave Stewart ,I,16,26.1,3.95,1.3435,-0.61,-0.335,-0.124
Vern Law ,I,16,26,3.766,1.2837,-0.612,-0.273,-0.074
Ramon Martinez ,I,14,25.9,3.665,1.3114,-0.613,-0.239,-0.097
Harry Staley ,I,8,25.9,3.813,1.3538,-0.613,-0.289,-0.133
Kevin Gross ,I,15,25.8,4.113,1.409,-0.615,-0.39,-0.179
Jake Weimer ,I,7,25.7,2.231,1.1679,-0.616,0.246,0.023
Dennis Leonard ,I,12,25.7,3.695,1.2615,-0.616,-0.249,-0.056
Allie Reynolds ,I,13,25.7,3.304,1.3858,-0.616,-0.117,-0.16
Tommy Thomas ,I,12,25.7,4.115,1.4028,-0.616,-0.391,-0.174
Jose Quintana ,A,9,25.6,3.732,1.2661,-0.618,-0.261,-0.059
Charlie Ferguson ,I,4,25.6,2.674,1.1171,-0.618,0.096,0.065
Gary Nolan ,I,10,25.6,3.079,1.1453,-0.618,-0.041,0.042
Claude Hendrix ,I,10,25.5,2.649,1.1892,-0.619,0.105,0.005
Joe Horlen ,I,12,25.5,3.106,1.1903,-0.619,-0.05,0.004
Lew Burdette ,I,18,25.5,3.656,1.2434,-0.619,-0.236,-0.041
Mike Flanagan ,I,18,25.5,3.896,1.3343,-0.619,-0.317,-0.117
Hal Carlson ,I,14,25.3,3.97,1.3756,-0.622,-0.342,-0.151
Earl Hamilton ,I,14,25.2,3.158,1.3199,-0.624,-0.067,-0.105
Jeff Fassero ,I,16,25.2,4.111,1.3803,-0.624,-0.389,-0.155
Rip Sewell ,I,13,25.1,3.478,1.3443,-0.625,-0.175,-0.125
Rollie Fingers ,H,17,25,2.904,1.1556,-0.627,0.019,0.033
Wilson Alvarez ,I,14,25,3.96,1.3899,-0.627,-0.338,-0.163
Art Nehf ,I,15,24.9,3.204,1.2391,-0.628,-0.083,-0.037
Bob Purkey ,I,13,24.9,3.792,1.2673,-0.628,-0.282,-0.061
Lance Lynn ,A,9,24.8,3.521,1.2903,-0.63,-0.19,-0.08
Carl Weilman ,I,8,24.8,2.669,1.1913,-0.63,0.098,0.003
Ron Reed ,I,19,24.8,3.462,1.2138,-0.63,-0.17,-0.016
Dave McNally ,I,14,24.8,3.237,1.2139,-0.63,-0.094,-0.016
Johnny Sain ,I,11,24.8,3.489,1.3003,-0.63,-0.179,-0.088
Ray Collins ,I,7,24.7,2.513,1.134,-0.631,0.151,0.051
Joe Coleman ,I,15,24.7,3.696,1.3307,-0.631,-0.249,-0.114
Dan Quisenberry ,I,12,24.6,2.76,1.1751,-0.633,0.067,0.017
Sherry Smith ,I,14,24.6,3.319,1.3027,-0.633,-0.122,-0.09
Bob Veale ,I,13,24.6,3.075,1.3198,-0.633,-0.039,-0.104
Kelvim Escobar ,I,12,24.6,4.151,1.3749,-0.633,-0.403,-0.151
Bruce Sutter ,H,12,24.5,2.833,1.1401,-0.634,0.043,0.046
Tully Sparks ,I,12,24.5,2.819,1.2288,-0.634,0.047,-0.028
Ismael Valdez ,I,12,24.5,4.088,1.3107,-0.634,-0.382,-0.097
Juan Guzman ,I,10,24.5,4.077,1.3665,-0.634,-0.378,-0.144
Johnny Schmitz ,I,13,24.5,3.545,1.3919,-0.634,-0.198,-0.165
Gerrit Cole ,A,8,24.4,3.226,1.123,-0.636,-0.09,0.06
Ed Killian ,I,8,24.4,2.382,1.2169,-0.636,0.195,-0.018
Chris Bosio ,I,11,24.4,3.963,1.3,-0.636,-0.339,-0.088
Bob Ojeda ,I,15,24.4,3.649,1.3315,-0.636,-0.233,-0.114
Yu Darvish ,A,8,24.3,3.507,1.1654,-0.637,-0.185,0.025
Jake Arrieta ,A,11,24.3,3.728,1.2119,-0.637,-0.26,-0.014
Vean Gregg ,I,8,24.3,2.701,1.2864,-0.637,0.087,-0.076
Tiny Bonham ,I,10,24.2,3.064,1.1528,-0.638,-0.035,0.035
Ben Sanders ,I,5,24.1,3.236,1.2946,-0.64,-0.094,-0.083
Mike Scott ,I,13,24,3.537,1.2013,-0.641,-0.195,-0.005
Stan Bahnsen ,I,16,23.9,3.605,1.3302,-0.643,-0.218,-0.113
Bob Stanley ,I,13,23.9,3.638,1.3644,-0.643,-0.229,-0.142
Stan Williams ,I,14,23.8,3.479,1.2894,-0.644,-0.176,-0.079
Bob Smith ,I,15,23.7,3.938,1.3987,-0.646,-0.331,-0.17
Bill Gullickson ,I,14,23.6,3.93,1.2816,-0.647,-0.328,-0.072
John Franco ,I,21,23.6,2.89,1.3334,-0.647,0.023,-0.116
Dave Goltz ,I,12,23.5,3.689,1.3483,-0.649,-0.247,-0.128
Dutch Ruether ,I,11,23.4,3.499,1.404,-0.65,-0.182,-0.175
Dick Ellsworth ,I,13,23.3,3.716,1.3309,-0.652,-0.256,-0.114
Jack Coombs ,I,14,23.2,2.781,1.2392,-0.653,0.06,-0.037
Matt Kilroy ,I,10,23.2,3.47,1.3134,-0.653,-0.173,-0.099
Larry Jansen ,I,9,23.1,3.583,1.2239,-0.655,-0.211,-0.024
Orlando Hernandez ,I,9,23.1,4.135,1.2627,-0.655,-0.397,-0.057
Nels Potter ,I,12,23.1,3.993,1.366,-0.655,-0.349,-0.143
R.A. Dickey ,I,15,23,4.036,1.3001,-0.656,-0.364,-0.088
Frank Sullivan ,I,11,23,3.596,1.3054,-0.656,-0.215,-0.092
Scott Kazmir ,I,12,23,4.006,1.3476,-0.656,-0.354,-0.128
Spud Chandler ,I,11,22.9,2.836,1.2054,-0.658,0.042,-0.009
Jesse Orosco ,I,24,22.9,3.161,1.263,-0.658,-0.068,-0.057
Dan Casey ,I,7,22.9,3.176,1.3134,-0.658,-0.073,-0.099
Sparky Lyle ,I,16,22.8,2.881,1.2752,-0.659,0.026,-0.067
Stump Weidman ,I,9,22.8,3.606,1.3169,-0.659,-0.219,-0.102
Dave Foutz ,I,13,22.7,2.843,1.1781,-0.661,0.039,0.014
Cy Falkenberg ,I,12,22.7,2.682,1.222,-0.661,0.094,-0.023
Bill Monbouquette ,I,11,22.7,3.685,1.2527,-0.661,-0.245,-0.048
Ed Whitson ,I,15,22.7,3.793,1.3116,-0.661,-0.282,-0.098
Jeff Tesreau ,I,7,22.6,2.428,1.1447,-0.662,0.179,0.042
Don Mossi ,I,12,22.6,3.43,1.2132,-0.662,-0.159,-0.015
Billy O'Dell ,I,13,22.6,3.294,1.24,-0.662,-0.113,-0.038
Steve Gromek ,I,17,22.6,3.409,1.2448,-0.662,-0.152,-0.042
Don McMahon ,I,18,22.6,2.96,1.2459,-0.662,0,-0.043
Ken Hill ,I,14,22.6,4.064,1.4141,-0.662,-0.373,-0.183
Al Downing ,I,17,22.5,3.218,1.2692,-0.664,-0.088,-0.062
Reb Russell ,I,9,22.4,2.334,1.08,-0.665,0.211,0.096
Pedro Ramos ,I,15,22.4,4.08,1.3109,-0.665,-0.379,-0.097
Paul Splittorff ,I,15,22.4,3.812,1.3403,-0.665,-0.288,-0.122
Gary Peters ,I,14,22.3,3.248,1.2494,-0.667,-0.098,-0.046
Erik Hanson ,I,11,22.3,4.149,1.3553,-0.667,-0.402,-0.134
Lefty Tyler ,I,12,22.2,2.946,1.2641,-0.668,0.004,-0.058
Dave Roberts ,I,13,22.2,3.782,1.3354,-0.668,-0.278,-0.117
Henry Boyle ,I,6,22.1,3.059,1.2059,-0.67,-0.034,-0.009
Whit Wyatt ,I,16,22.1,3.787,1.3208,-0.67,-0.28,-0.105
Guy Bush ,I,17,22.1,3.855,1.3993,-0.67,-0.303,-0.171
J.A. Happ ,A,14,21.8,4.013,1.3099,-0.674,-0.356,-0.096
Orval Overall ,I,7,21.8,2.257,1.1613,-0.674,0.237,0.028
George Bradley ,I,11,21.6,2.434,1.0901,-0.677,0.177,0.088
Hiroki Kuroda ,I,7,21.6,3.446,1.1721,-0.677,-0.165,0.019
Frank Kitson ,I,10,21.6,3.168,1.2698,-0.677,-0.071,-0.063
Mike Witt ,I,12,21.6,3.833,1.3181,-0.677,-0.295,-0.103
Barney Pelty ,I,10,21.5,2.632,1.1504,-0.679,0.111,0.037
J.R. Richard ,I,10,21.5,3.149,1.2435,-0.679,-0.064,-0.041
Jesse Barnes ,I,13,21.5,3.215,1.2457,-0.679,-0.087,-0.042
Larry Gura ,I,16,21.5,3.759,1.2799,-0.679,-0.27,-0.071
John Montefusco ,I,13,21.5,3.54,1.2812,-0.679,-0.196,-0.072
Gerry Staley ,I,15,21.5,3.697,1.3115,-0.679,-0.249,-0.097
Andy Ashby ,I,14,21.5,4.121,1.3238,-0.679,-0.393,-0.108
Johnny Morrison ,I,10,21.5,3.647,1.355,-0.679,-0.233,-0.134
Ray Fisher ,I,10,21.4,2.819,1.2235,-0.68,0.047,-0.024
Doug Jones ,I,16,21.4,3.302,1.2425,-0.68,-0.116,-0.04
Mike Krukow ,I,14,21.4,3.899,1.3489,-0.68,-0.318,-0.129
Al Brazle ,I,10,21.4,3.307,1.3646,-0.68,-0.118,-0.142
Lefty Leifield ,I,12,21.3,2.473,1.2116,-0.682,0.164,-0.014
Rick Honeycutt ,I,21,21.3,3.721,1.3148,-0.682,-0.258,-0.1
Dave Righetti ,I,16,21.3,3.462,1.3379,-0.682,-0.17,-0.12
Dallas Keuchel ,A,9,21.2,3.639,1.2532,-0.683,-0.23,-0.049
Dick Rudolph ,I,13,21.2,2.657,1.1581,-0.683,0.102,0.031
Marty Pattin ,I,13,21.2,3.62,1.244,-0.683,-0.223,-0.041
Bob Tewksbury ,I,13,21.2,3.92,1.2922,-0.683,-0.325,-0.081
Jim O'Toole ,I,10,21.2,3.566,1.2945,-0.683,-0.205,-0.083
Toad Ramsey ,I,6,21.1,3.295,1.2434,-0.685,-0.114,-0.041
Bud Black ,I,15,21.1,3.84,1.2667,-0.685,-0.298,-0.06
Kyle Hendricks ,A,7,21,3.155,1.1096,-0.686,-0.066,0.071
Hank Aguirre ,I,16,21,3.246,1.2324,-0.686,-0.097,-0.031
Roy Face ,I,16,21,3.476,1.2429,-0.686,-0.175,-0.04
Tug McGraw ,I,19,21,3.137,1.2544,-0.686,-0.06,-0.05
Johnny Rigney ,I,8,21,3.588,1.3074,-0.686,-0.213,-0.094
Ed Seward ,I,6,20.9,3.398,1.225,-0.688,-0.148,-0.025
Bob Knepper ,I,15,20.9,3.676,1.3272,-0.688,-0.242,-0.111
Steve Renko ,I,15,20.9,3.995,1.3825,-0.688,-0.35,-0.157
Dick Donovan ,I,15,20.8,3.667,1.2308,-0.689,-0.239,-0.03
Ben McDonald ,I,9,20.8,3.91,1.2568,-0.689,-0.321,-0.052
Jordan Zimmermann ,A,11,20.7,4.043,1.2454,-0.691,-0.366,-0.042
Rudy May ,I,16,20.7,3.457,1.2479,-0.691,-0.168,-0.044
George Suggs ,I,8,20.7,3.111,1.2573,-0.691,-0.051,-0.052
Fred Hutchinson ,I,11,20.7,3.725,1.2807,-0.691,-0.259,-0.072
Zane Smith ,I,13,20.7,3.742,1.3354,-0.691,-0.265,-0.117
Rick Aguilera ,I,16,20.6,3.568,1.2266,-0.692,-0.206,-0.026
Darryl Kile ,I,12,20.6,4.123,1.4099,-0.692,-0.393,-0.18
George McQuillan ,I,10,20.5,2.381,1.1311,-0.694,0.195,0.053
Denny McLain ,I,10,20.5,3.393,1.1633,-0.694,-0.147,0.027
Dick Drago ,I,13,20.5,3.624,1.3115,-0.694,-0.225,-0.097
Geoff Zahn ,I,13,20.5,3.743,1.3542,-0.694,-0.265,-0.133
Babe Ruth ,H,22,20.4,2.277,1.1586,-0.695,0.23,0.03
Nelson Briles ,I,14,20.4,3.439,1.2729,-0.695,-0.162,-0.065
Earl Wilson ,I,11,20.3,3.694,1.296,-0.697,-0.248,-0.085
Ken Johnson ,I,13,20.2,3.46,1.199,-0.698,-0.169,-0.003
Scott McGregor ,I,13,20.2,3.99,1.2907,-0.698,-0.348,-0.08
Sam Jones ,I,12,20.2,3.587,1.354,-0.698,-0.212,-0.133
Ron Kline ,I,17,20.2,3.751,1.3686,-0.698,-0.268,-0.145
Rick Reed ,I,15,20.1,4.029,1.2202,-0.7,-0.362,-0.021
Ed Siever ,I,7,20.1,2.598,1.2349,-0.7,0.122,-0.033
Doc Medich ,I,11,20,3.777,1.3322,-0.701,-0.276,-0.115
Carlos Carrasco ,A,11,19.9,3.834,1.2015,-0.703,-0.296,-0.005
Tim Lincecum ,I,10,19.9,3.74,1.2931,-0.703,-0.264,-0.082
John Smiley ,I,12,19.8,3.803,1.2256,-0.704,-0.285,-0.026
Moe Drabowsky ,I,17,19.8,3.707,1.3059,-0.704,-0.253,-0.093
Pat Malone ,I,10,19.8,3.736,1.3781,-0.704,-0.263,-0.153
Johnny Niggeling ,I,9,19.7,3.217,1.3009,-0.706,-0.087,-0.089
Gary Lavelle ,I,13,19.7,2.928,1.3309,-0.706,0.01,-0.114
Mark Mulder ,I,9,19.6,4.185,1.3425,-0.707,-0.414,-0.123
Rick Mahler ,I,13,19.6,3.994,1.3709,-0.707,-0.35,-0.147
Sonny Gray ,A,8,19.5,3.486,1.2124,-0.709,-0.178,-0.015
Fritz Peterson ,I,11,19.5,3.298,1.1914,-0.709,-0.115,0.003
Howie Camnitz ,I,11,19.5,2.749,1.2027,-0.709,0.071,-0.006
Tom Browning ,I,12,19.5,3.94,1.2712,-0.709,-0.332,-0.064
Joe Benz ,I,9,19.4,2.429,1.1466,-0.71,0.179,0.041
Doug Fister ,I,10,19.4,3.721,1.2571,-0.71,-0.258,-0.052
Bill Singer ,I,14,19.4,3.391,1.2571,-0.71,-0.146,-0.052
Kirby Higbe ,I,12,19.4,3.688,1.4045,-0.71,-0.246,-0.175
Bill Swift ,I,11,19.3,3.578,1.2414,-0.712,-0.209,-0.039
Mudcat Grant ,I,14,19.3,3.63,1.2862,-0.712,-0.227,-0.076
Jim Tobin ,I,9,19.3,3.439,1.3084,-0.712,-0.162,-0.095
Togie Pittinger ,I,8,19.3,3.096,1.3481,-0.712,-0.046,-0.128
Julio Teheran ,A,10,19.2,3.737,1.2173,-0.713,-0.263,-0.019
Jim Shaw ,I,9,19.2,3.071,1.3335,-0.713,-0.038,-0.116
Greg Harris ,I,15,19.2,3.687,1.3504,-0.713,-0.246,-0.13
Tanner Roark ,A,8,19.1,3.729,1.2465,-0.715,-0.26,-0.043
Pascual Perez ,I,11,19.1,3.436,1.2143,-0.715,-0.161,-0.016
Mike Timlin ,I,18,19.1,3.632,1.2829,-0.715,-0.227,-0.074
Guy Morton ,I,11,19.1,3.131,1.2904,-0.715,-0.058,-0.08
Bob Shaw ,I,11,19.1,3.523,1.3206,-0.715,-0.191,-0.105
Yovani Gallardo ,I,12,19.1,4.062,1.3651,-0.715,-0.373,-0.142
Jhoulys Chacin ,A,12,19,4.045,1.3323,-0.716,-0.367,-0.115
Jeff Reardon ,I,16,19,3.155,1.1993,-0.716,-0.066,-0.004
Denny Lemaster ,I,11,19,3.585,1.2883,-0.716,-0.212,-0.078
Pete Harnisch ,I,14,19,3.887,1.2956,-0.716,-0.314,-0.084
Mike Caldwell ,I,14,19,3.811,1.3194,-0.716,-0.288,-0.104
Dupee Shaw ,I,6,18.9,3.1,1.1952,-0.718,-0.048,0
Michael Jackson ,I,17,18.9,3.416,1.2177,-0.718,-0.154,-0.019
Pretzels Getzien ,I,9,18.9,3.459,1.2884,-0.718,-0.169,-0.078
Bob Forsch ,I,16,18.9,3.765,1.2914,-0.718,-0.272,-0.081
Ron Perranoski ,I,13,18.9,2.789,1.3323,-0.718,0.057,-0.115
Bill Swift ,I,13,18.9,3.95,1.3722,-0.718,-0.335,-0.148
Leon Cadore ,I,10,18.8,3.135,1.2423,-0.719,-0.059,-0.04
Randy Jones ,I,10,18.8,3.422,1.2509,-0.719,-0.156,-0.047
Ron Darling ,I,13,18.8,3.874,1.3346,-0.719,-0.309,-0.117
Ted Lewis ,I,6,18.8,3.53,1.3452,-0.719,-0.193,-0.126
Jim Bibby ,I,12,18.6,3.756,1.3282,-0.722,-0.269,-0.111
Terry Forster ,I,16,18.6,3.232,1.3485,-0.722,-0.092,-0.128
Steve Stone ,I,11,18.6,3.966,1.3549,-0.722,-0.34,-0.134
Ned Garvin ,I,7,18.5,2.718,1.2373,-0.724,0.081,-0.035
Roberto Hernandez ,I,17,18.5,3.453,1.3665,-0.724,-0.167,-0.144
Clay Carroll ,I,15,18.4,2.939,1.2842,-0.725,0.007,-0.075
Jack Kralick ,I,9,18.3,3.562,1.2775,-0.727,-0.204,-0.069
Matt Morris ,I,11,18.3,3.982,1.3156,-0.727,-0.346,-0.101
Rube Benton ,I,15,18.2,3.085,1.2648,-0.728,-0.043,-0.058
Cherokee Fisher ,I,8,18.1,2.613,1.227,-0.73,0.117,-0.027
Pat Dobson ,I,11,18.1,3.536,1.2772,-0.73,-0.195,-0.069
Shane Reynolds ,I,13,18.1,4.089,1.3139,-0.73,-0.382,-0.099
Woodie Fryman ,I,18,18.1,3.77,1.3507,-0.73,-0.274,-0.13
Steve Barber ,I,15,18.1,3.363,1.3847,-0.73,-0.137,-0.159
Joaquin Benoit ,I,16,18,3.832,1.2352,-0.731,-0.295,-0.034
Ernie Broglio ,I,8,18,3.742,1.3482,-0.731,-0.265,-0.128
Danny Jackson ,I,15,18,4.008,1.4117,-0.731,-0.355,-0.181
Danny Duffy ,A,10,17.9,3.976,1.3123,-0.733,-0.344,-0.098
Jack Warhop ,I,8,17.9,3.115,1.2501,-0.733,-0.053,-0.046
Bob Miller ,I,17,17.9,3.371,1.3505,-0.733,-0.139,-0.13
Francisco Liriano ,A,14,17.8,4.153,1.3591,-0.734,-0.404,-0.137
Britt Burns ,I,8,17.8,3.66,1.2857,-0.734,-0.237,-0.076
Jack Sanford ,I,12,17.8,3.689,1.2902,-0.734,-0.247,-0.08
Oil Can Boyd ,I,10,17.8,4.041,1.2917,-0.734,-0.366,-0.081
Bill Wegman ,I,11,17.8,4.158,1.2943,-0.734,-0.405,-0.083
Dave Koslo ,I,12,17.8,3.682,1.3416,-0.734,-0.244,-0.123
Max Butcher ,I,10,17.8,3.746,1.4102,-0.734,-0.266,-0.18
Carl Morton ,I,8,17.7,3.734,1.406,-0.736,-0.262,-0.177
Patrick Corbin ,A,8,17.6,3.796,1.268,-0.737,-0.283,-0.061
Harry Gumbert ,I,15,17.6,3.682,1.3483,-0.737,-0.244,-0.128
Jose DeLeon ,I,13,17.5,3.762,1.2634,-0.739,-0.271,-0.057
Tom Burgmeier ,I,17,17.5,3.232,1.2831,-0.739,-0.092,-0.074
Vinegar Bend Mizell ,I,9,17.5,3.85,1.3829,-0.739,-0.301,-0.157
Jim Slaton ,I,16,17.5,4.031,1.4074,-0.739,-0.362,-0.178
Frank Smith ,I,11,17.4,2.592,1.1658,-0.74,0.124,0.024
Mike McCormick ,I,16,17.4,3.728,1.2923,-0.74,-0.26,-0.081
Moose Haas ,I,12,17.4,4.013,1.3009,-0.74,-0.356,-0.089
Jesse Petty ,I,7,17.4,3.679,1.3092,-0.74,-0.243,-0.096
Erik Bedard ,I,11,17.4,3.99,1.3615,-0.74,-0.348,-0.139
Dick Ruthven ,I,14,17.4,4.139,1.3855,-0.74,-0.399,-0.159
Masahiro Tanaka ,A,7,17.3,3.742,1.1285,-0.742,-0.265,0.056
C.J. Wilson ,I,11,17.3,3.738,1.3207,-0.742,-0.263,-0.105
Storm Davis ,I,13,17.3,4.023,1.3922,-0.742,-0.36,-0.165
Harry Coveleski ,I,9,17.2,2.394,1.1587,-0.743,0.191,0.03
Bill Bernhard ,I,9,17.2,3.039,1.2416,-0.743,-0.027,-0.039
Ray Culp ,I,11,17.2,3.579,1.2795,-0.743,-0.21,-0.071
Mike Marshall ,I,14,17.2,3.141,1.2945,-0.743,-0.062,-0.083
Al Worthington ,I,14,17.2,3.386,1.3291,-0.743,-0.144,-0.112
Fred Norman ,I,16,17.2,3.638,1.343,-0.743,-0.229,-0.124
Bob Porterfield ,I,12,17.2,3.789,1.3542,-0.743,-0.281,-0.133
Billy Hoeft ,I,15,17.2,3.941,1.356,-0.743,-0.332,-0.135
Mike Minor ,A,9,17.1,3.976,1.2267,-0.745,-0.344,-0.027
Willie Mitchell ,I,11,17.1,2.879,1.2678,-0.745,0.027,-0.061
Dan Plesac ,I,18,17.1,3.635,1.2864,-0.745,-0.228,-0.076
Jim Rooker ,I,13,17.1,3.46,1.3241,-0.745,-0.169,-0.108
Jim Hearn ,I,13,17.1,3.809,1.3594,-0.745,-0.287,-0.138
Dan Petry ,I,13,17.1,3.946,1.3632,-0.745,-0.334,-0.141
Chad Billingsley ,I,9,17,3.719,1.3701,-0.746,-0.257,-0.147
Dick Hall ,I,19,16.9,3.315,1.1019,-0.748,-0.12,0.078
Chris Young ,I,13,16.9,3.953,1.2576,-0.748,-0.336,-0.052
Don Cardwell ,I,14,16.9,3.917,1.2624,-0.748,-0.324,-0.056
Clay Buchholz ,I,13,16.9,3.979,1.2985,-0.748,-0.345,-0.087
Greg Minton ,I,16,16.9,3.096,1.3841,-0.748,-0.046,-0.158
Bob Wickman ,I,15,16.9,3.569,1.4004,-0.748,-0.206,-0.172
Hal Brown ,I,14,16.8,3.814,1.2298,-0.749,-0.289,-0.029
Bobby Bolin ,I,13,16.8,3.404,1.2443,-0.749,-0.15,-0.041
Don Gullett ,I,9,16.7,3.114,1.2273,-0.751,-0.052,-0.027
Larry Cheney ,I,9,16.7,2.698,1.2427,-0.751,0.088,-0.04
Joaquin Andujar ,I,13,16.7,3.582,1.2759,-0.751,-0.211,-0.068
Vic Aldridge ,I,9,16.7,3.756,1.3638,-0.751,-0.269,-0.141
Pete Vuckovich ,I,11,16.7,3.661,1.3736,-0.751,-0.237,-0.149
Willie Hernandez ,I,13,16.6,3.377,1.2454,-0.752,-0.141,-0.042
Roger Craig ,I,12,16.6,3.825,1.3343,-0.752,-0.293,-0.117
Paul Minner ,I,10,16.6,3.943,1.3897,-0.752,-0.333,-0.163
Ted Abernathy ,I,14,16.6,3.456,1.3951,-0.752,-0.168,-0.167
Bryn Smith ,I,13,16.5,3.527,1.2041,-0.754,-0.192,-0.008
Gene Garber ,I,19,16.5,3.338,1.2642,-0.754,-0.128,-0.058
Ray Sadecki ,I,18,16.5,3.783,1.351,-0.754,-0.278,-0.131
Ralph Branca ,I,12,16.5,3.79,1.3713,-0.754,-0.281,-0.148
Trevor Bauer ,A,9,16.4,3.977,1.2795,-0.755,-0.344,-0.071
Roy Patterson ,I,7,16.4,2.749,1.1722,-0.755,0.071,0.019
Jim Colborn ,I,10,16.4,3.803,1.3109,-0.755,-0.285,-0.097
Carl Erskine ,I,12,16.4,3.996,1.3284,-0.755,-0.35,-0.112
Pete Donohue ,I,12,16.4,3.873,1.3544,-0.755,-0.309,-0.133
Ray Herbert ,I,14,16.3,4.014,1.3666,-0.757,-0.357,-0.144
Jim Merritt ,I,11,16.2,3.653,1.207,-0.758,-0.235,-0.01
Vic Raschi ,I,10,16.2,3.721,1.3156,-0.758,-0.258,-0.101
Juan Pizarro ,I,18,16.2,3.433,1.3248,-0.758,-0.16,-0.109
Cliff Melton ,I,8,16.1,3.418,1.2912,-0.759,-0.155,-0.081
Dave Giusti ,I,15,16.1,3.602,1.2955,-0.759,-0.217,-0.084
Steve Busby ,I,8,16.1,3.717,1.3539,-0.759,-0.256,-0.133
Ian Kennedy ,A,14,16,4.118,1.283,-0.761,-0.392,-0.074
Dennis Lamp ,I,16,16,3.928,1.3787,-0.761,-0.327,-0.154
Mark Portugal ,I,15,15.9,4.026,1.3251,-0.762,-0.361,-0.109
Ed Figueroa ,I,8,15.9,3.512,1.3301,-0.762,-0.187,-0.113
Dummy Taylor ,I,9,15.8,2.747,1.267,-0.764,0.072,-0.06
Al Fitzmorris ,I,10,15.8,3.651,1.3446,-0.764,-0.234,-0.125
Jimmy Callahan ,I,13,15.8,3.386,1.3631,-0.764,-0.144,-0.141
Jim Brewer ,I,17,15.7,3.071,1.2092,-0.765,-0.038,-0.012
Alejandro Pena ,I,15,15.7,3.106,1.2197,-0.765,-0.05,-0.021
Dave Rozema ,I,10,15.7,3.467,1.2505,-0.765,-0.172,-0.046
Hank Borowy ,I,10,15.7,3.501,1.3296,-0.765,-0.183,-0.113
Joey Jay ,I,13,15.7,3.772,1.3367,-0.765,-0.275,-0.119
Bob Muncrief ,I,12,15.7,3.802,1.3523,-0.765,-0.285,-0.132
Mickey Haefner ,I,8,15.7,3.504,1.3575,-0.765,-0.184,-0.136
Luke Hamlin ,I,9,15.6,3.767,1.2776,-0.767,-0.273,-0.069
Gene Conley ,I,11,15.6,3.818,1.3326,-0.767,-0.29,-0.115
Tex Carleton ,I,8,15.5,3.908,1.3631,-0.768,-0.321,-0.141
Johnny Murphy ,I,13,15.5,3.497,1.3675,-0.768,-0.182,-0.144
Steve Bedrosian ,I,14,15.4,3.378,1.2964,-0.77,-0.142,-0.085
Casey Patten ,I,8,15.4,3.36,1.3145,-0.77,-0.136,-0.1
Bob Groom ,I,10,15.3,3.105,1.2789,-0.771,-0.049,-0.07
Arthur Rhodes ,I,20,15.2,4.077,1.3042,-0.773,-0.378,-0.091
Eric Show ,I,11,15.1,3.66,1.2906,-0.774,-0.237,-0.08
Ray Kolp ,I,12,15.1,4.079,1.3874,-0.774,-0.379,-0.161
Don Aase ,I,13,15.1,3.797,1.39,-0.774,-0.283,-0.163
Ray Burris ,I,15,15.1,4.174,1.4045,-0.774,-0.411,-0.175
Al Mamaux ,I,12,14.9,2.896,1.2753,-0.777,0.021,-0.067
Dock Ellis ,I,12,14.9,3.455,1.2881,-0.777,-0.168,-0.078
Cy Blanton ,I,9,14.9,3.553,1.2969,-0.777,-0.201,-0.085
Jeff Samardzija ,A,13,14.8,4.143,1.244,-0.779,-0.4,-0.041
Doc Ayers ,I,9,14.8,2.841,1.2172,-0.779,0.04,-0.019
Jeff Russell ,I,14,14.8,3.748,1.3459,-0.779,-0.267,-0.126
Jim Lonborg ,I,15,14.7,3.857,1.3079,-0.78,-0.303,-0.094
Lew Richie ,I,8,14.6,2.536,1.2396,-0.782,0.143,-0.037
Dave Davenport ,I,6,14.6,2.934,1.2492,-0.782,0.008,-0.045
Phil Douglas ,I,9,14.5,2.803,1.1924,-0.783,0.053,0.002
Gary Bell ,I,12,14.4,3.685,1.3082,-0.785,-0.245,-0.095
Dave LaRoche ,I,14,14.4,3.525,1.3132,-0.785,-0.191,-0.099
Matt Garza ,I,12,14.4,4.088,1.3223,-0.785,-0.382,-0.107
Bruce Kison ,I,15,14.3,3.66,1.3013,-0.786,-0.237,-0.089
Bill Duggleby ,I,8,14.3,3.184,1.3025,-0.786,-0.076,-0.09
Clem Labine ,I,13,14.3,3.626,1.3328,-0.786,-0.225,-0.115
Kirk McCaskill ,I,12,14.3,4.117,1.3956,-0.786,-0.391,-0.168
Mike Leake ,A,10,14.2,4.055,1.281,-0.788,-0.37,-0.072
Dave Dravecky ,I,8,14.2,3.134,1.2073,-0.788,-0.059,-0.01
Dick Tidrow ,I,13,14.2,3.684,1.3076,-0.788,-0.245,-0.094
Harry Harper ,I,10,14.2,2.866,1.3392,-0.788,0.031,-0.121
Grant Jackson ,I,18,14.1,3.464,1.3123,-0.789,-0.171,-0.098
Willie Sudhoff ,I,10,14.1,3.599,1.3376,-0.789,-0.216,-0.119
Lady Baldwin ,I,6,14,2.85,1.1347,-0.791,0.037,0.05
Wandy Rodriguez ,I,11,14,4.103,1.3446,-0.791,-0.387,-0.125
Ruben Gomez ,I,10,13.9,4.085,1.3824,-0.792,-0.381,-0.157
Mike Stanton ,I,19,13.8,3.918,1.3519,-0.794,-0.324,-0.131
Carl Lundgren ,I,8,13.7,2.417,1.2141,-0.795,0.183,-0.016
Jim Deshaies ,I,12,13.7,4.143,1.3174,-0.795,-0.4,-0.102
Ben Cantwell ,I,11,13.7,3.907,1.3181,-0.795,-0.32,-0.103
Allan Sothoron ,I,11,13.7,3.31,1.3777,-0.795,-0.119,-0.153
Fred Goldsmith ,I,7,13.6,2.729,1.153,-0.797,0.078,0.035
Al McBean ,I,10,13.6,3.131,1.327,-0.797,-0.058,-0.11
Lary Sorensen ,I,11,13.6,4.147,1.3603,-0.797,-0.401,-0.138
Pat Jarvis ,I,8,13.5,3.582,1.215,-0.798,-0.211,-0.017
Jay Hughes ,I,4,13.5,3.019,1.2675,-0.798,-0.02,-0.061
Jesse Duryea ,I,5,13.5,3.449,1.3327,-0.798,-0.166,-0.115
Jose Guzman ,I,8,13.4,4.05,1.3681,-0.8,-0.369,-0.145
Chris Archer ,A,8,13.3,3.862,1.2526,-0.801,-0.305,-0.048
Lefty Williams ,I,7,13.3,3.134,1.2378,-0.801,-0.059,-0.036
Orlando Pena ,I,14,13.3,3.706,1.2704,-0.801,-0.252,-0.063
Pete Richert ,I,13,13.2,3.189,1.1864,-0.803,-0.078,0.007
Ralph Terry ,I,12,13.2,3.621,1.1864,-0.803,-0.224,0.007
Doc Crandall ,I,10,13.2,2.921,1.2394,-0.803,0.013,-0.037
Tom Hughes ,I,13,13.2,3.094,1.3098,-0.803,-0.046,-0.096
Sam Weaver ,I,6,13.1,3.214,1.1807,-0.804,-0.086,0.012
Shaun Marcum ,I,9,13.1,3.932,1.234,-0.804,-0.329,-0.033
Huck Betts ,I,10,13.1,3.926,1.392,-0.804,-0.327,-0.165
Art Fromme ,I,10,13,2.904,1.2705,-0.806,0.019,-0.063
Milt Wilcox ,I,16,13,4.075,1.3691,-0.806,-0.377,-0.146
Don Robinson ,I,15,12.9,3.787,1.2955,-0.807,-0.28,-0.084
Vern Bickford ,I,7,12.9,3.713,1.4001,-0.807,-0.255,-0.172
LaMarr Hoyt ,I,8,12.7,3.994,1.214,-0.81,-0.35,-0.016
Erskine Mayer ,I,8,12.7,2.958,1.2334,-0.81,0,-0.032
Craig Swan ,I,12,12.7,3.744,1.2681,-0.81,-0.265,-0.061
Red Barrett ,I,11,12.7,3.534,1.2697,-0.81,-0.194,-0.063
Scott Stratton ,I,8,12.7,3.867,1.3798,-0.81,-0.307,-0.155
Russ Meyer ,I,13,12.7,3.991,1.402,-0.81,-0.349,-0.173
Pat Ragan ,I,11,12.6,2.988,1.2591,-0.812,-0.01,-0.054
Ken Brett ,I,14,12.6,3.927,1.3444,-0.812,-0.327,-0.125
Mike Smith ,I,14,12.5,3.346,1.3129,-0.813,-0.131,-0.099
Steve Avery ,I,11,12.5,4.185,1.3495,-0.813,-0.414,-0.129
Hank Wyse ,I,8,12.5,3.521,1.3605,-0.813,-0.19,-0.138
Don Larsen ,I,14,12.5,3.779,1.3999,-0.813,-0.277,-0.171
Jake Odorizzi ,A,9,12.4,3.925,1.241,-0.815,-0.326,-0.038
Doug Rau ,I,9,12.4,3.347,1.3013,-0.815,-0.131,-0.089
Bob Harmon ,I,9,12.4,3.334,1.3281,-0.815,-0.127,-0.111
Bill Campbell ,I,15,12.4,3.543,1.3292,-0.815,-0.197,-0.112
Mat Latos ,I,9,12.3,3.636,1.2095,-0.816,-0.229,-0.012
Jason Isringhausen ,I,16,12.3,3.644,1.3278,-0.816,-0.231,-0.111
Buster Brown ,I,9,12.3,3.205,1.377,-0.816,-0.083,-0.152
Fred Glade ,I,6,12.2,2.618,1.1066,-0.818,0.115,0.074
Cy Morgan ,I,10,12.2,2.509,1.2163,-0.818,0.152,-0.018
Darold Knowles ,I,16,12.2,3.115,1.3608,-0.818,-0.053,-0.139
Si Johnson ,I,17,12.1,4.087,1.4014,-0.819,-0.381,-0.173
Mace Brown ,I,10,12.1,3.465,1.407,-0.819,-0.171,-0.177
Vern Ruhle ,I,13,12,3.731,1.2974,-0.821,-0.261,-0.086
Diego Segui ,I,15,12,3.809,1.3509,-0.821,-0.287,-0.13
Mike Fiers ,A,10,11.9,4.043,1.2611,-0.822,-0.366,-0.055
Bernie Boland ,I,7,11.9,3.246,1.2778,-0.822,-0.097,-0.069
Elmer Riddle ,I,10,11.9,3.405,1.3998,-0.822,-0.151,-0.171
Bob Rhoads ,I,8,11.8,2.612,1.2402,-0.824,0.117,-0.038
Hugh Daily ,I,6,11.8,2.919,1.2459,-0.824,0.014,-0.043
John Buzhardt ,I,11,11.8,3.665,1.2625,-0.824,-0.239,-0.056
Roger Wolff ,I,7,11.8,3.406,1.301,-0.824,-0.151,-0.089
Phil Regan ,I,13,11.8,3.836,1.3397,-0.824,-0.296,-0.121
Larry McWilliams ,I,13,11.8,3.985,1.3412,-0.824,-0.347,-0.122
Pat Zachry ,I,10,11.8,3.524,1.3947,-0.824,-0.191,-0.167
Frank Miller ,I,7,11.7,3.012,1.1861,-0.825,-0.018,0.007
